﻿发票号码,开票日期,开票方名称,含税金额,项目名称,原文件名,重命名后文件名
25432000000029033553,2025年03月06日,娄底星奕酒店管理有限公司,507.00,住宿服务,25432000000029033553-杭州趣链物联科技有限公司.pdf,[2025年03月06日-娄底星奕酒店管理有限公司-507.00-25432000000029033553].pdf
25432000000029373425,2025年03月06日,娄底市娄星区萝卜餐饮店,1018.00,餐饮服务,25432000000029373425-杭州趣链科技有限公司.pdf,[2025年03月06日-娄底市娄星区萝卜餐饮店-1018.00-25432000000029373425].pdf
25439165666000013950,2025年03月03日,国家税务总局湖南省税务局,86.50,娄底南-湘潭北，2025年02月20日，15:29，G1752，特等座,25439165666000013950.pdf,[2025年03月03日-国家税务总局湖南省税务局-86.50-25439165666000013950].pdf
25429165818000355594,2025年03月03日,国家税务总局,377.00,长沙南-广州南，2025年02月20日，16:32，G883，二等座,25429165818000355594.pdf,[2025年03月03日-国家税务总局-377.00-25429165818000355594].pdf
25439165660000008536,2025年03月03日,湖南省税务局,12.00,湘潭北-长沙南，2025年02月20日，15:57，G1752，二等座,25439165660000008536.pdf,[2025年03月03日-湖南省税务局-12.00-25439165660000008536].pdf
